create table student(HKID varchar(10) not null ,
 Name varchar(20) not null ,
 Birth DATE,AdmissionID varchar(10) not null ,
PRIMARY KEY (HKID));

create table result(HKID varchar(10) not null ,
Chinese varchar(1),
 English varchar(1),
 Maths varchar(1),
 LiberalStudies varchar(1),
 foreign key (HKID) REFERENCES student(HKID));

create table teacher(ID varchar(10) not null ,
 Password varchar(20) not null ,
PRIMARY KEY (ID));

INSERT INTO student(HKID, NAME, BIRTH, ADMISSIONID) VALUES ('Y583039(a)','陳大文','1995-12-11','4534261351');
INSERT INTO student(HKID, NAME, BIRTH, ADMISSIONID) VALUES ('Y403345(3)','何地量','1995-02-21','1542435631');
INSERT INTO student(HKID, NAME, BIRTH, ADMISSIONID) VALUES ('Y987999(4)','王健民','1998-03-12','1543463456');
INSERT INTO student(HKID, NAME, BIRTH, ADMISSIONID) VALUES ('Y546789(6)','曾發才','1997-05-13','1542634563');
INSERT INTO student(HKID, NAME, BIRTH, ADMISSIONID) VALUES ('Y464039(7)','礦建文','1996-01-15','1523634563');
INSERT INTO student(HKID, NAME, BIRTH, ADMISSIONID) VALUES ('Y343090(8)','林家家','1996-01-22','1634561341');
INSERT INTO student(HKID, NAME, BIRTH, ADMISSIONID) VALUES ('Y452345(5)','莫大華','1996-06-14','1542241551');
INSERT INTO student(HKID, NAME, BIRTH, ADMISSIONID) VALUES ('Y111799(1)','黃力文','1996-07-08','2513534222');
INSERT INTO student(HKID, NAME, BIRTH, ADMISSIONID) VALUES ('Y629769(2)','陳港英','1996-11-04','1656348743');
INSERT INTO student(HKID, NAME, BIRTH, ADMISSIONID) VALUES ('Y094039(0)','崔祖英','1996-10-24','1546235551');
INSERT INTO student(HKID, NAME, BIRTH, ADMISSIONID) VALUES ('Y57i339(0)','霍天民','1995-09-20','1536457651');
INSERT INTO student(HKID, NAME, BIRTH, ADMISSIONID) VALUES ('Y546609(4)','何曉琳','1992-02-25','1561541145');

INSERT INTO result(HKID, CHINESE, ENGLISH, MATHS, LIBERALSTUDIES) VALUES ('Y583039(a)', '5','3','4','F');
INSERT INTO result(HKID, CHINESE, ENGLISH, MATHS, LIBERALSTUDIES) VALUES ('Y403345(3)', ' ','1','4','4');
INSERT INTO result(HKID, CHINESE, ENGLISH, MATHS, LIBERALSTUDIES) VALUES ('Y987999(4)', '4','2','4','3');
INSERT INTO result(HKID, CHINESE, ENGLISH, MATHS, LIBERALSTUDIES) VALUES ('Y546789(6)', '2','3',' ','4');
INSERT INTO result(HKID, CHINESE, ENGLISH, MATHS, LIBERALSTUDIES) VALUES ('Y464039(7)', '3','2','4','4');
INSERT INTO result(HKID, CHINESE, ENGLISH, MATHS, LIBERALSTUDIES) VALUES ('Y343090(8)', '3','3','4','4');
INSERT INTO result(HKID, CHINESE, ENGLISH, MATHS, LIBERALSTUDIES) VALUES ('Y452345(5)', '3','3',' ','6');
INSERT INTO result(HKID, CHINESE, ENGLISH, MATHS, LIBERALSTUDIES) VALUES ('Y111799(1)', '3','3','4','7');
INSERT INTO result(HKID, CHINESE, ENGLISH, MATHS, LIBERALSTUDIES) VALUES ('Y629769(2)', '4','2',' ','2');
INSERT INTO result(HKID, CHINESE, ENGLISH, MATHS, LIBERALSTUDIES) VALUES ('Y579339(0)', '2','1','4','1');
INSERT INTO result(HKID, CHINESE, ENGLISH, MATHS, LIBERALSTUDIES) VALUES ('Y094039(0)', 'F','1','4','F');
INSERT INTO result(HKID, CHINESE, ENGLISH, MATHS, LIBERALSTUDIES) VALUES ('Y546609(4)', '2','F','4','5');

INSERT INTO teacher(ID, Password) VALUES ('151431','fdg145fg');
INSERT INTO teacher(ID, Password) VALUES ('537456','hgfgfgag');
INSERT INTO teacher(ID, Password) VALUES ('345245','fdg14afg5fg');
INSERT INTO teacher(ID, Password) VALUES ('234554','fdg14gadfgag5fg');